{"/LXNxHyefuUajKQCIrN2Iw==":"mbr-1920x1440.png","krQhURdpyHRwvSiCTAYepw==":"mbr-1256x838.jpg","bPea1FME58YDxZkUmaJRcw==":"mbr-596x397.jpg","wyZaTgR8X9VGejiCPXwvXw==":"mbr-1-596x397.jpg","yj65sRuI116jFLEwblFzpQ==":"mbr-4-596x397.jpg","5oPK1SFHulevFYkrYKzJZA==":"mbr-596x447.jpg","avvqA70996b1K9wVBqlPyw==":"mbr-596x401.jpg","pOu5RVJOYUVtoRmCFCuY7Q==":"mbr-1920x1280.jpg","w83uDO7df7KKhPdDldUGYg==":"mbr-1-1920x1280.jpg","8cRf2rMsVHRj++7zzvhg6w==":"mbr-198x198.jpg","+hIejvhxjgMTom2hJ8OG7Q==":"vs1-9912.jpg","GP6T0PTrmXlsFxlhxLqmfA==":"vs1-9916.jpg","gSBOzq9CXhXix872+OVRtA==":"vs1-9919.jpg","C/7x7PkNjM/8PRSLq9l1bQ==":"vs1-9930.jpg","/5ueNLZKUQZMhTFcrqG9ZA==":"vs1-9913.jpg","rFCovL+RKVgZMQboeSWswA==":"vs1-9890.jpeg","WTuVuGfex07mA99puGICwA==":"slava-20.svg","37qC4tUGa8lu59S2ro2Wug==":"pixlr-bg-result-2.png","FATbbN62fQFQgq2nBBJoRA==":"legrand.svg","j5HNWbin8aD4HorzhLgAeQ==":"legrand-1.svg","CjvC/8vYi0RVFc7JaIupDw==":"png-transparent-schneider-electric-logo-automation-business-electrical-engineering-others-text-logo-grass.png","RLFhuq+EMdvbteJpPkPggw==":"pixlr-bg-result-3.png","coZremKCmCwycc4uOLq5sw==":"pixlr-bg-result-4.png","C6FZbJkxRBgK2+ARryWXRw==":"pixlr-bg-result-5.png","mp1x8nLWdNHVO37ZmTXeng==":"pixlr-bg-result-6.png"}